filename,percents,passed,matched_impls
0.4.22--0x09a7cae366b24485bfdea01436bb264851af7456--HELP--.bin,91.66666666666666,False,64
0.4.22--0x1e93fa20fa1a8e99c30dfc3ea644b8e13534169c--FYC--.bin,92.5925925925926,False,63
0.4.22--0x5ae8e1d6b38a7d05508d3806ffebbd0ed580ab32--HKL--.bin,100.0,True,65
0.4.22--0x7a410c2853d62ca41399899abfee6792ed28f91d--LLL--.bin,100.0,True,68
0.4.22--0xccda6b4b0de90931c1258a0564df9da05862e014--Dogg--.bin,100.0,True,67
0.4.22--0xf5a36703a1627e35df5a53cc41c2d68a601d85d2--JCB--.bin,92.5925925925926,False,63
0.4.23--0x137ce3a8d934a2738bd5bda477e7a9187a75b1e9--TrueUSD--.bin,64.0625,False,79
0.4.23--0x137ceae7ea876986d280f5916832d51832f79985--ProvisionalTrueUSD--.bin,62.5,False,79
0.4.23--0x137cee63f06ca413ca51d485fe98b0d12bacfa14--TrueGBP--.bin,58.92857142857143,False,79
0.4.23--0x30a632c76193c4829a1129c0a80990bdafe4b5eb--e2pEscrow--.bin,100.0,True,1
0.4.23--0x3be6e7bf2cd8e1a0a95597e72ca6d3709bbeff76--DMTCToken--.bin,87.5,False,75
0.4.23--0x3c7fd6453e8207e1b6f2c87dd77394f5e667bd5b--BlessToken--.bin,100.0,True,56
0.4.23--0x500204277d636bb65d2863d22779a1140c4fcb24--USDT--.bin,100.0,True,5
0.4.23--0x6962E259a8f9633C4494764628A7984cCEd58e10--AztraToken--.bin,94.11764705882352,False,77
0.4.23--0x6cc5cced6fa4ccab3d902d36a2c339fd12481abf--USDT--.bin,100.0,True,5
0.4.23--0x8086623d135a62c52c52356ec30d2fb7639deef9--ProvisionalTrueUSD--.bin,62.5,False,79
0.4.23--0x8086624943f80f6ed8b29c19d525edb2a3019dd5--Registry--.bin,62.5,True,0
0.4.23--0x808662d05b8d6f613cab2fbfae3a32b20bf44f9a--TrueGBP--.bin,58.92857142857143,False,79
0.4.23--0x808662e08fa294b9719a97a1b8ab32ed2d157938--TrueUSD--.bin,64.0625,False,79
0.4.23--0x808662efff03e512c9344bf8f1b7b0f1300551cf--ProvisionalRegistry--.bin,67.85714285714286,True,0
0.4.23--0x83fc60dbfd12c8be79d5232b14d1495e9c18f434--TKSS--.bin,100.0,True,54
0.4.23--0x8482aaaaa80db6fbb3c5b91a0924abd37270b632--MintsToken--.bin,94.11764705882352,False,77
0.4.23--0x8511dc1dece6faf58f696aac265fef18da7d7a05--TrueGBP--.bin,58.92857142857143,False,79
0.4.23--0x87d47de1f3c9893b4c40a6dbb71900f0bebc136f--TokenAS--.bin,91.66666666666666,False,66
0.4.23--0xb06545c01ff96c6bc2f97cd80057d3249adb1390--TokenERC20--.bin,100.0,True,67
0.4.23--0xb1465c229cfc0028205748b0a450bb6a6f29ea15--AztraCoin--.bin,100.0,True,66
0.4.23--0xcb9a1124f93a0f4d7c153b69b46439bc63f0e2b3--SorryTrueUSD--.bin,64.61538461538461,False,79
0.4.23--0xcb9a11afdc6bdb92e4a6235959455f28758b34ba--TrueUSD--.bin,64.0625,False,79
0.4.23--0xd556fb55718e19599f6e38514ea5c568562a15c3--TokenAPW--.bin,91.66666666666666,False,66
0.4.23--0xd5ae0f69a7983d66cb425f56f9d478074b6a8fdb--vdttoken--.bin,91.66666666666666,False,66
0.4.23--0xe8856D0EaDeb8a11b3B6C0d552214078CeF8B328--UCToken--.bin,100.0,True,67
0.4.23--0xEfDb4cE9541c7E57EBfdAd0E55221e9f5790185c--UseMintsToken--.bin,94.11764705882352,False,77
0.4.24--0x02de1e9d33d0d619b56aa7da36d6797e2bedb76f--Ecar--.bin,100.0,True,70
0.4.24--0x04050c588decfcd1e852434a52dcb1587be79fd2--SejutaMentorToken--.bin,95.23809523809523,False,107
0.4.24--0x062e45572dac9120573d87e1d3dd0d2c885effa5--VirtualWasabiBeanToken--.bin,95.23809523809523,False,107
0.4.24--0x065313f29dc4a4b8b5fc4915059d122065519957--Future1Exchange--.bin,73.33333333333333,True,0
0.4.24--0x0836e2ed69ab94ed95b08e17165a53e91a378fdf--SAVERToken--.bin,86.48648648648648,False,85
0.4.24--0x08c0bc283682a314f3dce5b3ee52119d3d534daa--MokenMintingByCredit--.bin,100.0,True,1
0.4.24--0x0a15E91429d2B44855361A34A12E4A4118880126--SatowalletShares--.bin,95.23809523809523,False,107
0.4.24--0x0b30721de33da329227840b7bf674ce85eade572--DncToken--.bin,96.66666666666667,False,88
0.4.24--0x0d8f3c8d5811e9b922b82dc6280cba1aa4f0662c--Criptoblock--.bin,95.23809523809523,False,107
0.4.24--0x0eCDd783dc7bF820614044B51862ED29714d2BA5--AdminUpgradeabilityProxy--.bin,22.727272727272727,False,3
0.4.24--0x121510158df24b2a28da0fdbfb751ee52be903a5--bitparadice--.bin,95.23809523809523,False,107
0.4.24--0x12d6373f73238e759869c4db2ceac892f22f0c52--IPCOM--.bin,94.44444444444444,False,62
0.4.24--0x1980eafe4ac14555cbdfc526c3e04bda02febb02--CryptoExchangeCoin--.bin,95.23809523809523,False,107
0.4.24--0x1986e6bc922cd7d9d239867a14e8bae29b7c1cc3--RemixToken--.bin,95.23809523809523,False,107
0.4.24--0x19a71a6ade95707f0cdb339e23ec7ca0ad0e6320--XaibeCoin--.bin,100.0,True,53
0.4.24--0x19bfca558233929512d8ad661ebd79f00cdaae96--StellarisPoolToken--.bin,90.0,False,53
0.4.24--0x19e49be980ad985bcf3df6f04fe968b2ed6f3fab--TokenContractImpl--.bin,52.83018867924528,False,0
0.4.24--0x1b426701538208ee3c5f37ed15ab97e5c5d555c4--Telecomm--.bin,94.44444444444444,False,62
0.4.24--0x1b744251d2ec5110b6797804307f4377a7f70244--ltcatoken--.bin,95.45454545454545,False,107
0.4.24--0x1b80eeeadcc590f305945bcc258cfa770bbe1890--BXBCoin--.bin,97.05882352941177,False,88
0.4.24--0x1B8a0ECdFC973183a5337a48fb34Da2AE518E2fD--TavuxCoin--.bin,92.3076923076923,False,67
0.4.24--0x1c596e094b6789688c92d0d0bfa84b1efb5e8f74--Gateway--.bin,54.054054054054056,True,0
0.4.24--0x1d02ed20adccacfc6e4212caab1095b55cdb0f1b--OffChainManagerImpl--.bin,35.84905660377358,True,0
0.4.24--0x1e403f8ce554f2ffa6e5560d3db112dfc0ed24d2--ZOOM--.bin,100.0,True,82
0.4.24--0x1e66008a24a486456a796e0c771fdc0cdf43cad9--STELLARCLASSIC--.bin,86.95652173913044,False,107
0.4.24--0x1ea38dd89b7422a44653e65ee0d11b4b0da5da4d--YAONetwork--.bin,100.0,True,78
0.4.24--0x20085f90dc168885bf6f71db07b67f462335b992--CoinMekkaToken--.bin,100.0,True,66
0.4.24--0x20b495af424946976b71597bc41c5b516eebfa1a--YoonwooCoin--.bin,100.0,True,77
0.4.24--0x2126169c5de7283a0c2f4477ca6c26d0d2c59468--EthereumClaimsRegistry--.bin,100.0,True,1
0.4.24--0x21a21ffc7d1871247b6464fb0814461589941dcd--BARO_TOKEN--.bin,100.0,True,88
0.4.24--0x22459b066f7b17ab12087470e68f0376a08eff1b--UPToken--.bin,100.0,True,97
0.4.24--0x26ac9e871f1c095018151710448a0bc90f638178--XDEX--.bin,80.95238095238095,True,1
0.4.24--0x284da39fec424ad0e1dc5a004b881de309c24a32--BalicoinToken--.bin,100.0,True,60
0.4.24--0x2f5cb924993185e13f92f019588786093b2e9efc--ChsToken--.bin,100.0,True,70
0.4.24--0x30392eED0Bf2a8716FCfc5488E02Ea2f034577B8--GimbahToken--.bin,95.23809523809523,False,107
0.4.24--0x304e52b3a2d5ff618da436134e9a6c405e4b0a22--FixedSupplyToken--.bin,100.0,True,53
0.4.24--0x31910aff5545784755970ae1fbe7fe65d5f0eea2--CreatorPAL--.bin,86.95652173913044,False,107
0.4.24--0x327ccc83b53680e46c0575430ad3a1f26acae437--Pi--.bin,95.23809523809523,False,107
0.4.24--0x33ae548865874bBc1F3d35b6Db3cFcD405B85728--MainToken--.bin,97.14285714285714,False,86
0.4.24--0x36fF29571Ed2Ff029dF9fA6DA076CA1484CEB9Dc--Vioscoin--.bin,95.23809523809523,False,107
0.4.24--0x3cb31ebd504068f8ed18e087a6569293d2390b40--TOONPL--.bin,96.66666666666667,False,109
0.4.24--0x3daf415d25829c07af9ce65c8e05817c3bc101ed--Deposit--.bin,71.42857142857143,True,0
0.4.24--0x3dbd8bc9a230971fac381e014e94f5e5739bfb2a--TokenERC20--.bin,100.0,True,67
0.4.24--0x3eab8761584f71b51a096a622f7294f045c2357c--Token--.bin,93.33333333333333,False,71
0.4.24--0x42595584e6029178d6009077db7a6b68650aa1f0--BetContract--.bin,54.54545454545454,True,0
0.4.24--0x42e566e656b88c1fec5b3077bf3b5c93eb9d454f--MultiSend--.bin,100.0,True,1
0.4.24--0x42f7a1440ee8771bfc0d8f8cc16301e2dc0eb1d1--MainContract--.bin,30.18867924528302,False,53
0.4.24--0x432555e5c898f83fc5f00df631bd9c2801fea289--HUBRIS--.bin,100.0,True,79
0.4.24--0x44e2ca91cea1147f1b503e669f06cd11fb0c5490--CoinMetroToken--.bin,100.0,True,76
0.4.24--0x4569fd03e90a481ec545b354506d228967de30dd--Token--.bin,100.0,True,92
0.4.24--0x46580533db92c418a79f91b46df70283daef7f99--MultipleArbitrableTransaction--.bin,50.0,True,0
0.4.24--0x47ddf5731077a1a9a447589984e6e98787ad6d80--StreampayToken--.bin,90.9090909090909,False,53
0.4.24--0x49184cbb7da9173c6dc787dfaefbff4f9efe2b65--OPTToken--.bin,100.0,True,67
0.4.24--0x50eae8e1505e46c6d35f64ec88e7693a0ac1d59e--task--.bin,55.55555555555556,False,0
0.4.24--0x522F3A0bD893FFbd9F4c9a477E2F9C4b11Fd42Ef--PoaCrowdsale--.bin,87.93103448275862,True,1
0.4.24--0x54923b4f2e4433294c70559cc94d1812793f0451--Future1Exchange--.bin,71.42857142857143,True,0
0.4.24--0x5547242B14CC91FB277124BCac296BEA711bcEfe--TokenERC20--.bin,100.0,True,67
0.4.24--0x575ed30ec5700f369115b079be8059001e79eb7b--CountTransferManagerFactory--.bin,29.545454545454547,False,0
0.4.24--0x581d2d9a3bc6acfb9cc53f311fa34a0caeb17f05--SCAVOGToken--.bin,100.0,True,102
0.4.24--0x58b823abd4b0b5506a60df6a12ae681a350dab4c--FEXToken--.bin,88.09523809523809,False,85
0.4.24--0x5906db495c9f27f73a9c46790cc79d860a6e9b5d--MultipleArbitrableTransaction--.bin,50.0,True,0
0.4.24--0x5a32f7d1c06d3a902fe47e56d416aad661f577fb--BIGolden--.bin,100.0,True,59
0.4.24--0x5ab2d437ec6d8e52b2191efafd985826a73d97de--AKJToken--.bin,83.78378378378379,False,69
0.4.24--0x5ba33c5966c8669ef662c84a54b8f39c19e442a7--Gtrading--.bin,100.0,True,64
0.4.24--0x5bf5436b367de54860d1b0be31203349a4d5caa7--CryptoCarAuction--.bin,100.0,True,65
0.4.24--0x5ccd2f4feb8b32c174b1982cc5354805f5bd9c8e--TIMEToken--.bin,29.268292682926827,False,53
0.4.24--0x627974847450c45b60b3fe3598f4e6e4cf945b9a--ThunderBoltCoin--.bin,86.95652173913044,False,107
0.4.24--0x634446285f22aa660b36424ecd27455ab9bde51c--CirilloChain--.bin,100.0,True,75
0.4.24--0x63edcfbd0fcd6858be01a043fd4095f3bbf956cf--uaetoken--.bin,95.23809523809523,False,107
0.4.24--0x65256f9ff6bf347891039e991cbd8e3cedc708cf--UpgradebleStormSender--.bin,77.77777777777779,True,0
0.4.24--0x68f0c43b5493e08e6cf8deef6e9e36f3d3ef988a--TouristToken--.bin,95.23809523809523,False,107
0.4.24--0x6952ba778f1286141beE60B9a5022292f653D3b9--PoaToken--.bin,88.33333333333333,False,64
0.4.24--0x6b19c7e20ae16a3af26a202c0b335b1fe3cd0978--URICOIN--.bin,86.95652173913044,False,107
0.4.24--0x6be40988a0ea7d373ea21fad262e1562ce04fde4--TokenStarsAuctionHub--.bin,48.148148148148145,True,0
0.4.24--0x6C456b11c743Ab10F6796681bb4148Aed6966BCf--MyPaaaToken--.bin,96.66666666666667,False,88
0.4.24--0x6d38574be6C230272DAAd16Fa5F291F825Bd0Da1--DinngoToken--.bin,100.0,True,76
0.4.24--0x6f68a0a2763a458e0754435b329be68260437a9f--MultiSigWallet--.bin,91.30434782608695,True,3
0.4.24--0x743abb3597c56c9a17fb319d75b294dac8d7c006--AdvancedToken--.bin,100.0,True,96
0.4.24--0x7c1c73bf60feb40cbcf0f12324200238ee23bb54--MultiSigWallet--.bin,91.30434782608695,True,3
0.4.24--0x7c50079cc96284c1e01e3a66fc38af090289b4ee--ST20EToken--.bin,87.8048780487805,False,86
0.4.24--0x7e6da88b2df6b6b32f4c6987ce49b744c31c3288--Future1Exchange--.bin,73.33333333333333,True,0
0.4.24--0x7f0E31b2e991B76B3696cf8cA96Bde3E0BBbF2FD--TokenBOSC--.bin,100.0,True,92
0.4.24--0x836d8b5504a49cb839390169cd32d3bc08d48160--BUKToken--.bin,100.0,True,67
0.4.24--0x84008cbb3169c402bcb6b78f7eafc87302827074--STELLARCLASSIC--.bin,86.95652173913044,False,107
0.4.24--0x84e4ddeb46fa01856e6fbe902cbd942c53b04961--OJI--.bin,95.83333333333334,False,65
0.4.24--0x85baa592a2324ddf774c0620db1f95e30bca3654--OwnerValidatorImpl--.bin,22.641509433962266,True,0
0.4.24--0x8749294547ea3129cdc1b380b0e0a6a15bc064ff--TOONPL--.bin,96.55172413793103,False,62
0.4.24--0x87eb3092bf2b73e3f6cc06f58b4bd9fd94ff53d3--Token--.bin,100.0,True,92
0.4.24--0x88eb90fdee6e15b5c8e224c214946913616cb22d--HYIPRETHPRO440--.bin,100.0,True,3
0.4.24--0x892572025b1e0c0c2015623d4d10b88d4fa18670--MJEX--.bin,100.0,True,14
0.4.24--0x89eddb3d39a47561a2efce374c984592a280d2cf--TokenERC20--.bin,94.44444444444444,False,72
0.4.24--0x8ab96f7b6c60df169296bc0a5a794cae90493bd9--SelfServiceEditionCuration--.bin,78.78787878787878,True,0
0.4.24--0x8beda52526c764e96a5c7d3ca96d436bcfa7e0e2--TokenERC20--.bin,94.44444444444444,False,72
0.4.24--0x8c2ed1c76b6ee19e20a6e2e7ba0ca961aa215fbe--NuQoin--.bin,95.23809523809523,False,107
0.4.24--0x8d5a31dfc3fc091195d8f8ff9d7bdfce990cf5ec--OPENSOURCE--.bin,91.66666666666666,False,80
0.4.24--0x8d65fba6de30791e8da76e4e47443543623ebed5--TokenERC20--.bin,94.11764705882352,False,72
0.4.24--0x8ecb6bb0c0f3fa792a12a7a72dca7c63b28d3378--ETHplode--.bin,92.3076923076923,False,68
0.4.24--0x8fda30dfa84eaae89f9d2d7d0816ad6839ff8049--globalmagicchangeCoin--.bin,100.0,True,67
0.4.24--0x91b4ed71efa895fcd15cd17a5d6156317078f815--Bigbull--.bin,100.0,True,82
0.4.24--0x924209be86f9905b64174604d19e4ae56f8904e5--NBEX--.bin,100.0,True,14
0.4.24--0x94190e84a62c4e1fb4cde76407a0dec59354395d--Jadax--.bin,100.0,True,85
0.4.24--0x9922ddeae05eca8e31f464bbac51b777b4d4dd0a--OwnerValidatorImpl--.bin,22.641509433962266,True,0
0.4.24--0x999d332eee57452cf07bceec365fd35ba5c142cb--HYIPRETHPRO440--.bin,100.0,True,3
0.4.24--0x9b3137231e9ec35917645485b5319baec43330f7--GoMoney--.bin,95.23809523809523,False,107
0.4.24--0x9b72ba360ca5547f8dab6ecfe64dca57cb48cd96--Homs--.bin,100.0,True,70
0.4.24--0x9baaf63b5b4c10600f82a934640dd9c070a5f260--NgsToken--.bin,95.23809523809523,False,107
0.4.24--0x9c254d00c9f03ea398ce3034da18cbad54fb316b--IndexManager--.bin,100.0,True,1
0.4.24--0x9cb3a1241c04cbf160f35ea2e7133d161f8c660a--ShrimpFarmer--.bin,83.33333333333334,True,1
0.4.24--0x9f9040baaa6d04a51882a5574c3626dd113650f5--MyAdvancedToken--.bin,95.65217391304348,False,88
0.4.24--0xa1638c4aaf3399a6edff55e874b93bd545b88457--GECToken--.bin,100.0,True,56
0.4.24--0xa22772dc6f7262f67996d4f555fbb628d7f872dd--SecurityToken--.bin,85.71428571428571,False,75
0.4.24--0xa6421afedda5875b8a6dd45758a74fa5f109e3c9--BitcoinBlue--.bin,95.23809523809523,False,107
0.4.24--0xa7c2943ed0c7e5d37b4b24d55f213e00a5891063--BiibroSToken--.bin,100.0,True,77
0.4.24--0xa819e63ea7c671fd0e6244aa2455aaa021cc9341--VMembersCoin--.bin,94.11764705882352,False,68
0.4.24--0xa842844d1a0e2a7bf17c55a3ead3a144a1d51ed7--ACCToken--.bin,96.29629629629629,False,85
0.4.24--0xa8b60c9b7054782f46931e35e7012037a574ecee--GeneralTransferManagerFactory--.bin,48.214285714285715,True,0
0.4.24--0xa9ed80cb42757d8150a8f006dcb1728ecd97c98b--MGS--.bin,100.0,True,8
0.4.24--0xab33e884ec8fed4f5867246e4300228f3d666561--OasisV3MatchingExchangeWrapper--.bin,8.333333333333332,True,0
0.4.24--0xb026c89e6633267d4150eff4e03a86e70784d212--HuHuRan--.bin,100.0,True,73
0.4.24--0xb15a9d03ed5495e2d8c6118151ccd435925ac38f--SimpleToken--.bin,57.57575757575758,False,83
0.4.24--0xb3fa04a6fe3df11147dd12909d4d4ce0eace915a--TokenERC20--.bin,94.44444444444444,False,72
0.4.24--0xb838a26a8023b29ce63fc40bef8fbaf5b8f5a3fa--ERC20Supplier--.bin,69.6969696969697,True,0
0.4.24--0xba358b6f5b4c0215650444b8c30d870b55050d2d--HubToken--.bin,100.0,True,96
0.4.24--0xbad3d6296bf54160901b6dfab5e966bfde4afd67--HumanStandardToken--.bin,100.0,True,66
0.4.24--0xbe55de64fe9e5f4d8fbe81dd65afb671d9e9c918--Token--.bin,95.83333333333334,False,85
0.4.24--0xbec6d1647a4f7900df00ae5fef19a5722700c2ed--TokenERC20--.bin,92.3076923076923,False,67
0.4.24--0xbf6faba13ec681e5dba53e59ffbe491c29dc33c2--LKToken--.bin,88.0,False,81
0.4.24--0xbff7021e82f14aa8156c7f90ec8c339e1e2be31b--ETE--.bin,92.3076923076923,False,58
0.4.24--0xc04906F02fD150E7e64c45eF0b5d6b19AB58e9f8--BOSCToken--.bin,100.0,True,96
0.4.24--0xc21c7a741b8a79574edb2ca154363db0f345685f--TokenTemplate--.bin,95.83333333333334,False,85
0.4.24--0xc298bf034f47c3bf33b276e843bc157859f39997--ZBXAirDropLight--.bin,61.111111111111114,True,0
0.4.24--0xc2f46fa6a4b91ca39b6e34781434841f7c13ccf8--NFTKred--.bin,100.0,True,4
0.4.24--0xc32099b24ca8a03dc3334eab7b6c25b334f92ad6--SlotBay--.bin,100.0,True,64
0.4.24--0xc55c52b147b23c0d0003d93848d11295637d8cff--StandardToken--.bin,100.0,True,57
0.4.24--0xc566df5b75f868a9b0cba45a3761f67abdb88e2e--Main0023_allowedDifferenceAmount--.bin,3.79746835443038,True,0
0.4.24--0xc56a477ceb26c50ecdf00863c2a0c8b4399c8828--Bitparadise--.bin,95.23809523809523,False,107
0.4.24--0xc5d10be6643fd5f18c8bc35083a6a6bd3a756436--HOME--.bin,100.0,True,68
0.4.24--0xcbb8e81624f640685f5179560e6cdeb91f9f91b5--br--.bin,50.0,True,0
0.4.24--0xcd2312c700864897e9f4945ade489e470ea148e1--BatLotteryGame--.bin,83.33333333333334,True,1
0.4.24--0xcf54be47b54425ce0661ea65320d041574f8cfd3--BEEXCoin--.bin,95.23809523809523,False,107
0.4.24--0xd30a2e9347ad48ea208ee563a9cdfd80e962a727--RoyaltyCOIN--.bin,86.95652173913044,False,107
0.4.24--0xd3f5225d8e69A9594231E328B230c635749e6075--Mechcampus--.bin,100.0,True,70
0.4.24--0xd6e3e2393664efe22766e9e58fd13d8d13438984--GOLDEnterainmentToken--.bin,95.65217391304348,False,88
0.4.24--0xD7A84fEE93853e68B1065DEFa2856A700C25cD44--DragonToken--.bin,95.23809523809523,False,107
0.4.24--0xd941d85a0eba1fe57500921acc12faf9a7d6cd3a--TokenContractImpl--.bin,52.83018867924528,False,0
0.4.24--0xd9eebffcb29b2f3df0b007fb70ec2901851b26dd--fightclub--.bin,100.0,True,1
0.4.24--0xd9f75941de8c74d18c92b36aea8f75b478ed86b7--MainContract--.bin,30.18867924528302,False,53
0.4.24--0xda5072610c14cf99084e1127aeac9486e740e62c--Skyme--.bin,86.95652173913044,False,107
0.4.24--0xda5994d2709da31f87c3a573183a88f964c9f6da--SignkeysBonusProgramRewards--.bin,17.91044776119403,False,0
0.4.24--0xdc4578dc1c65f83e7081304d802d4a839d7773c7--DirectAirDrop--.bin,62.5,True,0
0.4.24--0xe0bb2ba6abfe69eef1b0828e090a3abd5863c7ad--HorseChain--.bin,100.0,True,65
0.4.24--0xe0c6ce3e73029f201e5c0bedb97f67572a93711c--ETHplode--.bin,92.3076923076923,False,68
0.4.24--0xE31CEd3343f21e5Cad5d31163BBa5899Ee01D813--ERC20_CRYPTOMILLION_CPMN--.bin,100.0,True,58
0.4.24--0xe41dd6e41f8F9962c5103D95D95f5d9B82D90fDF--ERC677BridgeToken--.bin,87.5,False,81
0.4.24--0xe52e75e8a97546f40991b489e92c68ebb386dc97--ETHPAY--.bin,86.95652173913044,False,107
0.4.24--0xe59487bb83c32769d94ff2e505cdd9093cd3c41e--ChainedHashLogger--.bin,100.0,True,1
0.4.24--0xe5b21cf83f5e49aba4601e8d8cf182f889208cfd--ManualApprovalTransferManagerFactory--.bin,27.956989247311824,False,0
0.4.24--0xe6ea45181ab85a671ce37c4e111ee31c23479a9e--StandardToken--.bin,100.0,True,57
0.4.24--0xe79d496f4580799b4F734d62074D84c61Eb532C8--OffChainManagerImpl--.bin,35.84905660377358,True,0
0.4.24--0xebc44f6355d524a61820e6f18007ff00311336a5--HscToken--.bin,100.0,True,70
0.4.24--0xed6849727f7b158a14a492bd0a3bf4d7126f7f71--TIMETokenFundraiser--.bin,73.17073170731707,True,0
0.4.24--0xed6c511ed66b172c4d28eac2c3dacc62972b1b7f--LMKToken--.bin,79.48717948717949,False,86
0.4.24--0xf1c088e302c6c5183b8137f6163f747ba95dfbd9--test--.bin,96.55172413793103,False,77
0.4.24--0xf232338a5e38bf73bbc13a8ba70322aee0e3acc0--SnailFarm2--.bin,100.0,True,1
0.4.24--0xf409e3eaf317bd32c6b45eca2bfb7d8fb28cb423--TUNNCOIN--.bin,86.95652173913044,False,107
0.4.24--0xf4dd29bfd2698db644218493dccb36f0915c8617--OwnsArt--.bin,100.0,True,1
0.4.24--0xf853cd67bf7325828d200ee26aea5c88059d0cd3--HempDollarToken--.bin,95.23809523809523,False,107
0.4.24--0xfaa183ac925268122498945ce287817b126f453b--UpgradebleStormSender--.bin,78.57142857142857,True,0
0.4.24--0xfbcfcf87f2659ad2e18c4b907198b4a20e78babb--BidaCoin--.bin,96.42857142857143,False,82
0.4.24--0xFC209D33CEc3872Ef5BE8dCB6118e53A5b122260--SatowalletShares--.bin,95.23809523809523,False,107
0.4.24--0xfc23425d9646690c5bf04f255c81de254e57292e--VMembersCoin--.bin,94.11764705882352,False,68
0.4.24--0xfd1ccd0f8fabab9b5b81173de82de4a1566ac53f--ECOSCU--.bin,91.66666666666666,False,80
0.4.24--0xfd41bf39c1bfe227923c3df8f2dc523af79fc631--StandardToken--.bin,87.5,False,68
0.4.24--0xfd78b2da4fbc45b0be4179a4025ee92b90c6305b--GeneralTransferManager--.bin,40.74074074074074,True,0
0.4.24--0xff7ed06a93a96ff122eeaf333b9cac321fdd5ed9--ST20Token--.bin,87.8048780487805,False,86
0.4.25--0x0103a4563c0157987080958a1e84a5bd9ffd6bf8--PantheonGold--.bin,94.11764705882352,False,4
0.4.25--0x01b48a355dab8d9954216f778a08598009277ebe--Ldohtoken--.bin,100.0,True,72
0.4.25--0x02dfbfc054e01a2d1bb2b63fa0b017daa7589290--DGK--.bin,100.0,True,1
0.4.25--0x047be5e4986be48b35cd055feeb2e980cfd2e99b--SunchainToken--.bin,91.66666666666666,False,80
0.4.25--0x07274515b62cc205629a8702bdafbf78495e6210--LuckyCoin--.bin,100.0,True,6
0.4.25--0x077909ad7e21c3c12c5e85b5787261eee26a7817--AmbertimeCoin--.bin,100.0,True,58
0.4.25--0x082bd91161f06177757f37de610652b02c947858--MultiSigWallet--.bin,91.30434782608695,True,3
0.4.25--0x0c736b3c9170ae42e2dedba814f5e4530895c840--Ldohtoken--.bin,100.0,True,72
0.4.25--0x0debfb5127d8b5dd2fafc93724c88bd7f40cc852--DSG_Turntable--.bin,96.66666666666667,True,10
0.4.25--0x0e84cfe97207de40bfdf6133c07ac8f2046f9981--SPO8--.bin,100.0,True,56
0.4.25--0x1075dac8715ce21f77272cd727fc88eba7f83351--SicBo--.bin,100.0,True,1
0.4.25--0x108c9576f61eabb1d6d340f8be2d76cce66bafcf--RivetToken--.bin,100.0,True,65
0.4.25--0x10c495f1f631acf8fb8db9a70ed5d45b719de5f8--CCD_KOHLE_1_20190411--.bin,100.0,True,53
0.4.25--0x12a54ede64b1e3524550e601fdfe216d5f566cef--ARCHC--.bin,100.0,True,68
0.4.25--0x13ec78c30effaf546a77886a88c766eaa0d01272--Internoc24DividendCoin--.bin,95.23809523809523,False,107
0.4.25--0x14c7820803b99fb5ab36d39a26a6e1ea2168cb51--BIMI_DAO_33_b1--.bin,50.617283950617285,True,0
0.4.25--0x14f8409088fb5c91465729fb38f088498ef54695--VMembersCoin--.bin,94.11764705882352,False,68
0.4.25--0x164cd8bc19402c7bd49c2a97d5248310d7e1ec02--AdminUpgradeabilityProxy--.bin,100.0,True,3
0.4.25--0x16c81421bf8597be5a974d59f758bb0b2456f9c8--BIMI_DAO_33_b8--.bin,50.617283950617285,True,0
0.4.25--0x182d4990bb0ff595b308b3efcb93313abad575e7--PoolOwners--.bin,86.95652173913044,False,7
0.4.25--0x1abf4b764501f27b2e6aa122e32fe52074b800e2--HSNCoin--.bin,100.0,True,76
0.4.25--0x1b5848a7e7d05daee72db4fa78901fe8b7725e9e--DaoIdentity--.bin,4.705882352941177,False,0
0.4.25--0x1c0addffeb8a2c63de6ec734ad1728240cd8d877--ProofOfExistence--.bin,100.0,True,1
0.4.25--0x1c0f4c64821d6f8fa96975e20d5bb3ea79eb1071--vault--.bin,100.0,True,2
0.4.25--0x1d203053929b7d6f70b9ceb90401e059905278fa--StandardToken--.bin,81.81818181818183,False,53
0.4.25--0x1d5854e7f4dd81d9d4c09097d3cc736c7771f234--vualt--.bin,100.0,True,1
0.4.25--0x1ed37669f57dd2cf02af19fbc12eaae3f8919817--VMembersCoin--.bin,94.11764705882352,False,68
0.4.25--0x1EDC0fcDD7D0c7a562f092f0E3267d96Df5F655C--AdminUpgradeabilityProxy--.bin,100.0,True,3
0.4.25--0x1f5b7179a643570effb4da05a0ca0760b36ceed3--DaoStakeLocking--.bin,5.729166666666666,False,0
0.4.25--0x205969440ffcf5493df62a974ad8a30ec96527ea--NDD_DBX_I_883--.bin,100.0,True,53
0.4.25--0x20e569eca4737c4b12be2e5dcdbfdf0d829ba1c8--ldoh--.bin,82.6086956521739,True,1
0.4.25--0x22e60a10ed901abb6f13adfaf91e3da98867d415--Ldohtoken--.bin,95.23809523809523,False,107
0.4.25--0x23badee11bf49c40669e9b09035f048e9146213e--HHHToken--.bin,100.0,True,72
0.4.25--0x24626fd95ad815bab2136d6f91ca10562161cda3--DaoFundingManager--.bin,5.1020408163265305,False,0
0.4.25--0x2732dd0f79f6cf4f257232ea2291ffbab2c18c15--CoinFlipperDSG--.bin,96.66666666666667,True,10
0.4.25--0x2747fe8dc21d5efcc0787101dc986df028bd42b9--HyperETH--.bin,78.57142857142857,False,3
0.4.25--0x276528880ac7e202f3db20d74402ea0a9c8774a8--Stmp--.bin,100.0,True,75
0.4.25--0x28a3fc44e4f0e39a5350d8eb991773914075510e--SPAYToken--.bin,93.10344827586206,False,62
0.4.25--0x28c69cd429f785954ae4b0263db4d9871c033ca7--VPCToken--.bin,100.0,True,59
0.4.25--0x293bfea035fbcc930bb93001a29eebc0dc1a068c--DaoSpecialProposal--.bin,4.081632653061225,False,0
0.4.25--0x294448c3be668b3315139e95e0137fc9e64861bc--BIMI_DAO_33_b11--.bin,50.617283950617285,True,0
0.4.25--0x29a7bfb0162dadaa04610835fcf77ef735c64f05--FinCrypChain--.bin,100.0,True,60
0.4.25--0x29f5b75a7e6c861ce41df6540359a89af784b758--BIMI_DAO_33_B7--.bin,50.617283950617285,True,0
0.4.25--0x2a2825f7d76759c894d532f2a230bf7732dfef81--BIMI_DAO_33_b9--.bin,50.617283950617285,True,0
0.4.25--0x2a2a30e0cc88c0259b6af5691ae6a169315c93b2--Ldohtoken--.bin,100.0,True,72
0.4.25--0x2ae1ae0ae857e250eea63b27085b16912ff5b7a7--Ldohtoken--.bin,100.0,True,72
0.4.25--0x2c3b6d4df91eca794591cca8542b3f1bc08bf959--DaoSpecialVotingClaims--.bin,17.857142857142858,True,0
0.4.25--0x2c8fc1982df5eb74e7240973f441431a649a3505--MonstersGameXToken--.bin,100.0,True,69
0.4.25--0x2cc6ea7c458c9a58a2d721172939415eb2488cf6--tbriks--.bin,93.33333333333333,False,71
0.4.25--0x2da87bdc880cf9830a541cbfa9110742662c3daa--IFToken--.bin,100.0,True,53
0.4.25--0x2daf564f4869376a2dbb14db7c56d55cf53c6345--XBV--.bin,88.0,False,75
0.4.25--0x2ddbeb99682ea724b66a97a58164213070c84560--bezos--.bin,100.0,True,2
0.4.25--0x2f855b6f997d927cec3660d5cbc758e874164eb5--YlcToken--.bin,96.66666666666667,False,57
0.4.25--0x316ee37c17852688c873335661398d5ef699ae3a--NDD_UBR_I_883--.bin,100.0,True,53
0.4.25--0x32e2150b69072fc331f7e4dff202d5bc4cb7156f--CCD_BDX_BOO_20190329_1--.bin,100.0,True,53
0.4.25--0x34b72be1f643f01ffd377481326cb90c97448c20--UScoin--.bin,100.0,True,104
0.4.25--0x34e23c4a0d9147e35b95e2ce0c9032cc4a6856e7--WOWCOIN--.bin,100.0,True,82
0.4.25--0x351f02419eb907f224ff151cc62425f24fb6d5ee--COINSHOP--.bin,100.0,True,60
0.4.25--0x3581d1adc6b704b74d0bd6ffc84fec368cce4781--NDD_SPX_I_883--.bin,100.0,True,53
0.4.25--0x3594b81234a14d0051e817793dc300763ce48241--ERC20_ICO--.bin,48.484848484848484,True,0
0.4.25--0x35b6a52663a7bf34ea4e2b693da2cca2bc4f7588--NDD_NFX_I_883--.bin,100.0,True,53
0.4.25--0x35e52eceebdb7e1c6ab1c06c3eaf85194cc10afd--BAILHAVENERC20--.bin,100.0,True,73
0.4.25--0x36e75e2c9e6a123a36c4ac88765a5dd1d6d0c350--MulticallHelper--.bin,100.0,True,1
0.4.25--0x39f9d4f50f1eb55948ba1e4a9a8432b1a371caf3--SNBTOKEN--.bin,96.42857142857143,False,69
0.4.25--0x3ad3fc721efb57ec445daa78d3f395e5fb53df28--Ldohtoken--.bin,100.0,True,72
0.4.25--0x3b399e00afd8201acf8a5a0eccf1c47d8d5e41da--EscrowChecker--.bin,50.0,True,0
0.4.25--0x3daa1574776e5e4057a130c50b021ab70d42af40--the_longest_April--.bin,100.0,True,2
0.4.25--0x3e24bfe40874a2f366ecf05746d6dcbc0cfd6f03--Timelock--.bin,100.0,True,1
0.4.25--0x3e7de81da44bfd8b5eb2a1627317e79523bf618c--AIMAToken--.bin,93.54838709677419,False,83
0.4.25--0x3ecdad0daae3be31c1eeee691b8866644aceca44--RVT--.bin,100.0,True,63
0.4.25--0x3f5d43454b31c8cef1dfcbf722fc66dea3cf5196--BAOToken--.bin,90.0,False,53
0.4.25--0x3f7029371a9dc427ed65bff3e09576b4b2c52cb5--TST_ERC--.bin,100.0,True,82
0.4.25--0x4141728e1b339a236165172dba9b1bd83cfa2ab5--ENIGMA--.bin,100.0,True,6
0.4.25--0x42fdf1a3ae9f83e80690490ebc0a3b04c5b68de5--CCBank--.bin,100.0,True,1
0.4.25--0x442d0c19bc191aa87b5bc99849e3cd7d439739b3--DaoRewardsManagerExtras--.bin,3.0985915492957745,False,0
0.4.25--0x461e3316cef7fb24ece788b8f38831559794f779--NDD_PIN_I_883--.bin,100.0,True,53
0.4.25--0x466fbff54d2123c36e9cfaf90298ba436250c043--Multicall--.bin,100.0,True,1
0.4.25--0x4763fc5d561abbb2486c4408d9670f337e2bf5d9--Airdrop--.bin,0,False,0
0.4.25--0x488cb4b0b1107a5d479e9e4afc2f4795d45dbbfb--BXB--.bin,100.0,True,60
0.4.25--0x48e4562b66df6824811C1171Fdf9D5814A5b42eF--CustomToken--.bin,100.0,True,88
0.4.25--0x496676b297799eeb9446b9d808c6051d33c6cb58--the_game--.bin,100.0,True,6
0.4.25--0x4a834fbbefb053babf8aa4062479f1ca1317faaf--NDD_BOO_I_883--.bin,100.0,True,53
0.4.25--0x4ae884ea8f01570a39ccba22018fa7ecde9011b5--ldoh--.bin,84.31372549019608,True,2
0.4.25--0x4b4878af9474089783f9cef61edbe96614af79e6--CCD_KOHLE_5_20190411--.bin,100.0,True,53
0.4.25--0x4cb4484fe6d7ace5a2190bc75b85947fd91fe134--ERC20--.bin,95.0,False,56
0.4.25--0x4d24d8d75a8ec4a2d4bf2b2aa7f9a3cf27ef5fcf--MVExpressCoin--.bin,95.45454545454545,False,61
0.4.25--0x4d81198dc71ffd13917da27d1a3f8599ac690535--DSG_Dice--.bin,96.7741935483871,True,10
0.4.25--0x4db8a21ab042031b35328220eae00e1a97c11092--CryptoWealth--.bin,100.0,True,66
0.4.25--0x5224724D42a629D997543ddd99f9D961e3Ae923f--cool_kid--.bin,100.0,True,2
0.4.25--0x54053ea92b9366182dbbf3e4583c8a5496bb2903--CCD_KOHLE_3_20190411--.bin,100.0,True,53
0.4.25--0x54ad74edeab48e09ccc43ee324f2603071dad72b--DTOPToken--.bin,93.54838709677419,False,83
0.4.25--0x55914aad05640d89448a7803a03ed0eabcbc6a22--EthereumCrystal--.bin,100.0,True,68
0.4.25--0x56325d180ec3878a9028afc7b0edcee7486cc9df--FountainTokenUpgrade--.bin,100.0,True,73
0.4.25--0x574bf97b630164313ce303c7518bf19069881612--CCD_KOHLE_6_20190411--.bin,100.0,True,53
0.4.25--0x58801211a0ad1ebd6261db59528689ada3b6cb62--BIMI_DAO_33_b6--.bin,50.617283950617285,True,0
0.4.25--0x5985E21f48B47EC33E19a40549F60d3eF7a797F8--ProofOfExistence--.bin,100.0,True,1
0.4.25--0x5a889cba88c2c7cc67652c2de4e46fc4b9aba9ce--DSG_Turntable--.bin,96.66666666666667,True,10
0.4.25--0x5afae785bc6ba7248dbd511a92c4d5cc5a803214--DaoVotingClaims--.bin,13.91304347826087,False,0
0.4.25--0x5cee1264a7692c04aff5f0292f7a0f5dbfef9094--Nautcoins--.bin,95.23809523809523,False,107
0.4.25--0x5D335fB05244b0B8c612c20f5d852264C6eD649f--trump--.bin,100.0,True,1
0.4.25--0x5dbec2bd1da8531dfd8eb2e97120c028f814b465--Algorithm--.bin,100.0,True,71
0.4.25--0x5e9db5b8bfbea35d94e43a98459a12fe3ebd6e93--TokenTemplate--.bin,95.23809523809523,False,58
0.4.25--0x5f3763b48811226e010c63e23c3ec6e0f67c5f41--ldoh--.bin,84.0,True,2
0.4.25--0x5fa6aa3415b1c8c8d64162164623f7b8ca71c667--BlockcloudToken--.bin,92.85714285714286,False,68
0.4.25--0x60a2cfd2c9dacdfa3cc7c8c0729ef9288397b193--ERC20Token--.bin,100.0,True,66
0.4.25--0x60aa1caef7f98bdcbcfc9a13bfcd9916ac469759--OOOToken--.bin,100.0,True,72
0.4.25--0x60be75b03524e56514d888770c327d41703f7d49--ERC20Token--.bin,100.0,True,66
0.4.25--0x60d988739381d055ba9863154ad8cf2123031f88--USDT--.bin,93.67088607594937,False,56
0.4.25--0x626cd1589544d7ff715b01efb7781ea19cdd92da--HYIPRETH--.bin,100.0,True,1
0.4.25--0x62d34a9815d656c8c96f28aaaa9d3344e1e43596--multi_fund--.bin,100.0,True,1
0.4.25--0x63065b3d5211a527bd0622250410d7f251a8148c--QUICK_GAME--.bin,100.0,True,6
0.4.25--0x63d4ed1173b7bbbad79b897c0989bc1cae6e2ae6--IONACK--.bin,95.45454545454545,False,61
0.4.25--0x65A8203AAC8035A9D826359bc96B48c4bb8fBD9b--FEToken--.bin,95.45454545454545,False,107
0.4.25--0x663F07872b99053aE6EEE5d5550495268d738FeC--fund--.bin,100.0,True,1
0.4.25--0x67c7e395e320844738bcb2ae855564e3e5845e0b--ERC20Token--.bin,100.0,True,66
0.4.25--0x68acdb77078a40ae90b9aac4bda363c801afaf64--SPO8--.bin,100.0,True,5
0.4.25--0x6989726a4a8cdcd2b4bae8cf60db24a7ed9a60c4--Ldohtoken--.bin,100.0,True,72
0.4.25--0x6a435b5207c4eb8189046e5929f282de55769e34--FacilityChain--.bin,100.0,True,68
0.4.25--0x6a7e6bb7bb3affb7261b1a2f8ea42c718ed7b720--ABOrigenVR--.bin,100.0,True,60
0.4.25--0x6ad5e4ecc18d36c7315a244ba342ccf3eda19ab7--STPC--.bin,94.73684210526315,False,74
0.4.25--0x6c79b4ed1cfe6ae97e6a8f117138cb583638954f--Fyle--.bin,100.0,True,77
0.4.25--0x6e36ca1d94b2e3a532ab11b82cb66d5f0875dbf1--GENES--.bin,90.0,False,53
0.4.25--0x6ee294117fdb8decf4097cd4e73de7c59eed93d7--XBV--.bin,89.28571428571429,False,76
0.4.25--0x6f8641daa46faa83b9cd9a633f6e1a4dba9c7e2a--XBV--.bin,83.33333333333334,False,68
0.4.25--0x6F919D67967a97EA36195A2346d9244E60FE0dDB--BlockcloudToken--.bin,100.0,True,68
0.4.25--0x7123b1f3849f9baa25028158af50be4f0681341f--IFToken--.bin,100.0,True,53
0.4.25--0x737f626cf046992e961afa140c748cf604e013b9--DiceDSG--.bin,96.7741935483871,True,10
0.4.25--0x747c6443268e117ac642effe1def8dd0e466be97--DSG_CoinFlipper--.bin,96.66666666666667,True,10
0.4.25--0x74d5c310c342147cc95d2e9532a16c53274868e9--DrawContract--.bin,23.52941176470588,True,0
0.4.25--0x7509ed5216e5d5c591e512e40816efb19a4c9681--VCTToken--.bin,100.0,True,59
0.4.25--0x757C363206f41eCf3EDB012c96b44bfE4DD5cC04--IDRTWallet--.bin,96.55172413793103,True,4
0.4.25--0x7a5d249029172904a8c0dbc7761dd9ae60436bed--DaoInformation--.bin,4.63768115942029,False,0
0.4.25--0x7ab99b4774696c3c8c356f73af70c5095fce1f24--TokenContract--.bin,93.10344827586206,False,83
0.4.25--0x7c89222bdd0e3b1378e5fd978de47d13fdf61b74--TICOEX--.bin,100.0,True,60
0.4.25--0x7ce60454cbc942a9003a7774f79949c05bb6d364--UBets--.bin,61.76470588235294,True,0
0.4.25--0x7d999f41d08a3769b652074482e31c850c560d08--THE_GAME--.bin,100.0,True,6
0.4.25--0x7e9e435411e437751546efe589a8ea2df84801dc--ERC20Token--.bin,100.0,True,66
0.4.25--0x7f337d6693a31e315901bf1be8c319578c4f5488--Rewards1Coin--.bin,95.23809523809523,False,107
0.4.25--0x7f8dc9f8da0558c237c0c4bc4209a9e4b0c340bd--CCD_KOHLE_4_20190411--.bin,100.0,True,53
0.4.25--0x80f2f6fe2f7415283c22bafce2670d51d4be6dad--Ntelu--.bin,100.0,True,60
0.4.25--0x81ad9e205a7cb9db2ab3f80e3fd6eb547463036a--EtheremonBurnReward--.bin,83.33333333333334,True,1
0.4.25--0x840b875acfd1034723a23cb079184c7b56a89b90--DSG_Dice--.bin,96.7741935483871,True,10
0.4.25--0x861a6b1233240a41efd24e3f2f4b9d235ee9b760--TokenVesting--.bin,71.42857142857143,True,0
0.4.25--0x866f7a9f6190af5641b72f4e2e3bfdb9d8babc50--UBets--.bin,61.76470588235294,True,0
0.4.25--0x879e3f6a4c74ba61daeb553d40e48617bd3f63a9--Contract--.bin,93.75,True,1
0.4.25--0x880016750db7d4b040a0d9b15aad966fa47cfea4--CCD_KOHLE_7_20190411--.bin,100.0,True,53
0.4.25--0x896b0b5b747a91125f212c2ed666fb773e49c097--QUIZ--.bin,100.0,True,6
0.4.25--0x8a54811e8dc922a4278c5f6fa144fce19bee9167--Token--.bin,100.0,True,86
0.4.25--0x8f482191334ae65591997634e543ff681ff346c9--NDD_RBN_I_883--.bin,100.0,True,53
0.4.25--0x8f912b65192de1e27ede8cca637e5cb83ec0e239--Adnexa--.bin,100.0,True,68
0.4.25--0x900E2729701c794cbe9d8A9dfa861dd73e61c403--AdminUpgradeabilityProxy--.bin,100.0,True,3
0.4.25--0x921a718c0a0f8a5f0df189882ea465c0065fad19--BIMI_DAO_33_b2--.bin,50.617283950617285,True,0
0.4.25--0x97939abb60fde7e9450fb181f23d83ba2f79e986--NDD_WEW_I_883--.bin,100.0,True,53
0.4.25--0x98347bd89f02b980041dae8e4a0e63873bdb909b--ENIGMA_GAME--.bin,100.0,True,6
0.4.25--0x984f198c196d1936c99cbfe6f4da596072aa954a--Keypay--.bin,100.0,True,79
0.4.25--0x9f240d0734b011c4965da6795bcb8469dafb8260--Dao--.bin,16.40625,False,0
0.4.25--0xa206d217c0642735e82a6b11547bf00659623163--Staking--.bin,73.68421052631578,True,0
0.4.25--0xa416bbb587db24170c25f2ff034913a591b0c623--statizex--.bin,91.66666666666666,False,80
0.4.25--0xa554986f4dfcAa749FFd33c7819E04a27F4136EF--MyAdvancedToken--.bin,95.65217391304348,False,88
0.4.25--0xa5e5916a380fea1e633df88d7b5e1835a85b8262--BrewerscoinToken--.bin,93.75,False,75
0.4.25--0xa75c28159420f9fbcb0ab673e108f016172a8a34--Nautcoins--.bin,95.23809523809523,False,107
0.4.25--0xa8dbd8beab9a664fc5a74920bd47411e56966997--Predatex--.bin,95.65217391304348,False,63
0.4.25--0xa99b9be08b8e9f06537f8dc11a03859e4add3129--BIMI_DAO_33_b4--.bin,50.617283950617285,True,0
0.4.25--0xaa0dfa12f2ab2f99a84daac3adbeee94b0500a84--GenericToken--.bin,100.0,True,66
0.4.25--0xaa82a82931c968981a7a262943230c2e616722f8--PoolOwners--.bin,86.95652173913044,False,7
0.4.25--0xabb5d8df7cd579c32cd01a80fd07c6a2043f29c7--Ldohtoken--.bin,100.0,True,72
0.4.25--0xaf509ee9d6a05918485cb59ba328a1cc710af927--HyperETH--.bin,78.57142857142857,False,3
0.4.25--0xaf6c9b9f4ae50adb85ac226e4702b4e4ac2b44ef--NDD_PAL_I_883--.bin,100.0,True,53
0.4.25--0xafd314307ad94f5eaac44e932703c00812a8d00b--DrawContract--.bin,18.75,True,0
0.4.25--0xb02a4c3fbad48c7c671d57ec6b8f5f3d0f2ee36e--QUICK_QUIZ--.bin,100.0,True,6
0.4.25--0xb07aa1b226a4a87249bf0050a2605696781bdac9--TitanTestToken--.bin,93.33333333333333,False,67
0.4.25--0xb1026818d0b78429e73dcbb2f1befc198bc228aa--DrawContract--.bin,18.75,True,0
0.4.25--0xb14fb041225b3f482dce21154216d7df7a83db83--QUICK_GAME--.bin,100.0,True,6
0.4.25--0xb17e0515035daa4b31a7128d31a5de931e26d95f--ERC20Token--.bin,100.0,True,66
0.4.25--0xb4e7040a9247d5d9d129af6150ea09382c4c5cc9--Ldohtoken--.bin,93.75,False,81
0.4.25--0xB5306879cb7F1fB18B86a2Be62C0DC9ae62fA1EB--ProxyAdmin--.bin,23.076923076923077,False,0
0.4.25--0xb5351a57948d0691f075445ed8ae8dd9f6b531bd--CCD_KOHLE_2_20190411--.bin,100.0,True,53
0.4.25--0xb58801acd4ec00a9b8456ad2ffdb54992acfb431--play_with_me--.bin,100.0,True,6
0.4.25--0xb68d982b913c0a5e999c32a5952e6df1ca43d336--ENIGMA--.bin,100.0,True,6
0.4.25--0xb76545e54267cc6b6f2968b537a9cd8bb12b3d2e--NDD_LYF_I_883--.bin,100.0,True,53
0.4.25--0xba830e0cf305f324fc8af45d94e585deabb043e8--CCD_AIR_PAL_20190329_2--.bin,100.0,True,53
0.4.25--0xbca8662d8871f0e6105642c7fb7b0dfe4da66f8b--FutureEdgeAirdrop--.bin,25.0,True,0
0.4.25--0xbd2de6f7b6efbdc71984b3ceeab55b120255fd23--ApcToken--.bin,91.66666666666666,False,80
0.4.25--0xbe0bcea181b0f7693aaeb4ab6430c177e7b8cc3b--ERC20--.bin,100.0,True,82
0.4.25--0xbe1d4007310d9c197c09f306ff25a38896f1b541--BIMI_DAO_33_b10--.bin,50.617283950617285,True,0
0.4.25--0xbe3ddcffa76a6f9a16f38af22fb9e5c27ba77272--FacilityChain--.bin,100.0,True,73
0.4.25--0xc094cd5e72d0cad01645d1137d77bca285abc446--LIRAFIX--.bin,96.29629629629629,False,114
0.4.25--0xc0e0f88e00bd10492b4710bb9fd7997c68c7a523--TokenTemplate--.bin,95.23809523809523,False,58
0.4.25--0xc12882915460ba9f3b34c04e1c02404cc90f25f0--BIMI_DAO_33_b5--.bin,50.617283950617285,True,0
0.4.25--0xc167d9177475449df160332bccf60eaa9b30ead0--OCX--.bin,100.0,True,3
0.4.25--0xc24854cb4139c427f0165705462c218b140963cf--play_with_me--.bin,100.0,True,6
0.4.25--0xc3098b97ba3dd1594b8fc8eae3cd53fb1ecd36af--DITCToken--.bin,100.0,True,76
0.4.25--0xc5b177940534c2e03eb7d9e624ed25cdc8a97739--Room1--.bin,93.10344827586206,True,1
0.4.25--0xc61fdDD0ADc21F99b6A05d830E2Ca996c25EE089--ERC20RupiahToken--.bin,100.0,True,87
0.4.25--0xc8fcb0a797a4ed84720fda580d54d6025185641a--Modtechnology--.bin,100.0,True,59
0.4.25--0xc9f4425d47eb195480641216b7dd27f4ddead78c--CAB--.bin,100.0,True,58
0.4.25--0xca3e131f2eac3fb93e0ffe96a6b67765b3bbb292--OCX--.bin,100.0,True,3
0.4.25--0xca8cdeb92fb992585b5d9c617189898f0cfea735--DaoWhitelisting--.bin,4.373177842565598,False,0
0.4.25--0xcb5d17821ff74821e58e770b93a128a3a007b1f4--VIPToken--.bin,90.0,False,53
0.4.25--0xcbc25771755fc59eea4d2b32dabfed5bdc5ea883--DSG_CoinFlipper--.bin,96.66666666666667,True,10
0.4.25--0xcc72ccb477a1e7c90b9c55df769ef421146e1d7f--BIMI_DAO_33_b12--.bin,50.617283950617285,True,0
0.4.25--0xcce3038b7e539dcb140867622b671238df93cb5e--ETP--.bin,100.0,True,3
0.4.25--0xcf3c3d59414b3dd856cfa2fb3a7f86d5656d9b3b--Room2Online--.bin,88.88888888888889,True,1
0.4.25--0xcfed26885acf068f42bdf90a38d5694006f8f611--HodlBetToken--.bin,95.23809523809523,False,107
0.4.25--0xd066cb554092ec20c60deffe8c8252d3f7fdfda5--BIMI_DAO_33_b3--.bin,50.617283950617285,True,0
0.4.25--0xd2920e95C2DDAAc89FB9BA44E9c5A7ef5B7777EF--MOGUJToken--.bin,64.70588235294117,False,54
0.4.25--0xd43fc900c870c771d9078302c3707976866d42ca--NDD_WPO_I_883--.bin,100.0,True,53
0.4.25--0xd52a0dbbf7fcc475d321a44a55550e5ddd0a91c2--BlockcloudToken--.bin,92.85714285714286,False,68
0.4.25--0xd598e1c193ab993cb24bebfd528d326890a21e7d--AppleCreditCoin--.bin,100.0,True,68
0.4.25--0xd6cc644492f4f1be1e8bf255f1c179fba07d5464--DaoRewardsManager--.bin,4.0650406504065035,False,0
0.4.25--0xd7a4f012ead240691a98144cb488e483aefef724--DaoVoting--.bin,4.081632653061225,False,0
0.4.25--0xD7E000213f0FFA6E20e1c953BC49867F8d318BFA--voult--.bin,100.0,True,2
0.4.25--0xd8331445543a415cf213314bc6ac5bd710e4288e--OptionsEscrow--.bin,55.00000000000001,True,0
0.4.25--0xdc4f5bc1249c7e69b895ebbbdccb5ee4f1f2f5d1--DSG_CoinFlipper--.bin,96.66666666666667,True,10
0.4.25--0xddA784CE15449948520580Cacb229717CD7ad261--Laker_Show--.bin,100.0,True,2
0.4.25--0xe067433833636d2a5acbb42a219c7a97651e63bd--BDACoin--.bin,97.14285714285714,False,66
0.4.25--0xe4edb0276b7fa972db0732fae8ee8422eef07580--HLD--.bin,100.0,True,72
0.4.25--0xe6bbd6d49ebaa5d9c75f03b8abf06b33abcfcc69--DonationPlus--.bin,100.0,True,68
0.4.25--0xe7a2a86347d02c0ff31aa26f6f5ab882d1a91c8b--ERC20Token--.bin,100.0,True,66
0.4.25--0xe9b94a004875a7d59b539b9240ede4f6fee5c52a--TurntableDSG--.bin,96.66666666666667,True,10
0.4.25--0xeab64b2320a1fc1e65f4c7253385ec18e4b4313b--AtomicBroker--.bin,5.88235294117647,True,0
0.4.25--0xeADC8Fa5b712bd8c20eeeAF7fCbd02292E7bBa88--EUSD_v1--.bin,86.48648648648648,False,79
0.4.25--0xecec76db2f65a2669437b2bca5703c7e07b8d12a--play_with_me--.bin,100.0,True,6
0.4.25--0xed0c3e1d538fda7370c22c4c3f3dc076ab51bd00--wallet--.bin,100.0,True,2
0.4.25--0xefa25d76458f89bca927409c6b524b3a0f31a604--BicoinToken--.bin,100.0,True,53
0.4.25--0xf136322552040c2be4b478b00d0d1a84299c3a5a--FMToken--.bin,93.54838709677419,False,83
0.4.25--0xf221579d18f0c4c10c08ff9fe3d34bdbd7117909--AtomCirculationCoin--.bin,96.15384615384616,False,56
0.4.25--0xf3dac8e171a13066f8964f74a7c87fd518e4e162--safe--.bin,100.0,True,2
0.4.25--0xf75d30c85ea11c611a15e590f591288b11cf278c--AspirationCoin--.bin,100.0,True,66
0.4.25--0xf80f3018f33631ca936b78101f5100926ec66313--TritonPlus--.bin,91.66666666666666,False,80
0.4.25--0xfac8f3f8cfa073391de3f06ed4d883202da469ae--NDD_SPO_I_883--.bin,100.0,True,53
0.4.25--0xfdc051d762fc53e5666814c76fd33c896d775167--ETTTOKEN--.bin,95.45454545454545,False,61
0.4.25--0xfe4e81addc1dc194a8a64c3ac924f7edea9e1abb--HLD--.bin,100.0,True,1
0.4.25--0xff4bd8a95a19905943e44b6150e0c7d85c8c2f71--DongLeiToken--.bin,85.71428571428571,False,6
